INSERT INTO catalog_returns (cr_reason_sk, cr_order_number, cr_item_sk, cr_return_quantity, cr_return_amount) VALUES (7, 1001, 1, 2, 8.0);
INSERT INTO catalog_returns (cr_reason_sk, cr_order_number, cr_item_sk, cr_return_quantity, cr_return_amount) VALUES (25, 1002, 2, 3, 12.0);
INSERT INTO catalog_returns (cr_reason_sk, cr_order_number, cr_item_sk, cr_return_quantity, cr_return_amount) VALUES (26, 1003, 1, 1, 4.0);
INSERT INTO catalog_returns (cr_reason_sk, cr_order_number, cr_item_sk, cr_return_quantity, cr_return_amount) VALUES (52, 1004, 2, 2, 8.0);
INSERT INTO catalog_returns (cr_reason_sk, cr_order_number, cr_item_sk, cr_return_quantity, cr_return_amount) VALUES (69, 1005, 1, 1, 4.0);
INSERT INTO catalog_sales (cs_item_sk, cs_order_number, cs_sold_date_sk, cs_quantity, cs_ext_sales_price, cs_list_price, cs_sales_price) VALUES (1, 1001, 1, 10, 400.0, 100.0, 40.0);
INSERT INTO catalog_sales (cs_item_sk, cs_order_number, cs_sold_date_sk, cs_quantity, cs_ext_sales_price, cs_list_price, cs_sales_price) VALUES (2, 1002, 2, 20, 800.0, 200.0, 80.0);
INSERT INTO catalog_sales (cs_item_sk, cs_order_number, cs_sold_date_sk, cs_quantity, cs_ext_sales_price, cs_list_price, cs_sales_price) VALUES (1, 1003, 3, 15, 600.0, 150.0, 60.0);
INSERT INTO catalog_sales (cs_item_sk, cs_order_number, cs_sold_date_sk, cs_quantity, cs_ext_sales_price, cs_list_price, cs_sales_price) VALUES (2, 1004, 4, 25, 1000.0, 250.0, 100.0);
INSERT INTO catalog_sales (cs_item_sk, cs_order_number, cs_sold_date_sk, cs_quantity, cs_ext_sales_price, cs_list_price, cs_sales_price) VALUES (1, 1005, 5, 12, 480.0, 120.0, 48.0);
INSERT INTO date_dim (d_date_sk, d_year) VALUES (1, 1998);
INSERT INTO date_dim (d_date_sk, d_year) VALUES (2, 1998);
INSERT INTO date_dim (d_date_sk, d_year) VALUES (3, 1999);
INSERT INTO date_dim (d_date_sk, d_year) VALUES (4, 1999);
INSERT INTO date_dim (d_date_sk, d_year) VALUES (5, 1999);
INSERT INTO item (i_item_sk, i_brand_id, i_category, i_category_id, i_class_id, i_manufact_id) VALUES (1, 1000, 'Home', 1, 1, 1);
INSERT INTO item (i_item_sk, i_brand_id, i_category, i_category_id, i_class_id, i_manufact_id) VALUES (2, 1001, 'Home', 2, 2, 2);
INSERT INTO item (i_item_sk, i_brand_id, i_category, i_category_id, i_class_id, i_manufact_id) VALUES (3, 1000, 'Home', 1, 1, 1);
INSERT INTO item (i_item_sk, i_brand_id, i_category, i_category_id, i_class_id, i_manufact_id) VALUES (4, 1001, 'Home', 2, 2, 2);
INSERT INTO store_returns (sr_reason_sk, sr_ticket_number, sr_item_sk, sr_return_quantity, sr_return_amt) VALUES (7, 2001, 3, 1, 4.0);
INSERT INTO store_returns (sr_reason_sk, sr_ticket_number, sr_item_sk, sr_return_quantity, sr_return_amt) VALUES (25, 2002, 4, 2, 8.0);
INSERT INTO store_returns (sr_reason_sk, sr_ticket_number, sr_item_sk, sr_return_quantity, sr_return_amt) VALUES (26, 2003, 3, 1, 4.0);
INSERT INTO store_returns (sr_reason_sk, sr_ticket_number, sr_item_sk, sr_return_quantity, sr_return_amt) VALUES (52, 2004, 4, 1, 4.0);
INSERT INTO store_returns (sr_reason_sk, sr_ticket_number, sr_item_sk, sr_return_quantity, sr_return_amt) VALUES (69, 2005, 3, 2, 8.0);
INSERT INTO store_sales (ss_item_sk, ss_ticket_number, ss_sold_date_sk, ss_quantity, ss_ext_sales_price, ss_list_price, ss_sales_price) VALUES (3, 2001, 1, 8, 320.0, 100.0, 40.0);
INSERT INTO store_sales (ss_item_sk, ss_ticket_number, ss_sold_date_sk, ss_quantity, ss_ext_sales_price, ss_list_price, ss_sales_price) VALUES (4, 2002, 2, 16, 640.0, 200.0, 80.0);
INSERT INTO store_sales (ss_item_sk, ss_ticket_number, ss_sold_date_sk, ss_quantity, ss_ext_sales_price, ss_list_price, ss_sales_price) VALUES (3, 2003, 3, 12, 480.0, 150.0, 60.0);
INSERT INTO store_sales (ss_item_sk, ss_ticket_number, ss_sold_date_sk, ss_quantity, ss_ext_sales_price, ss_list_price, ss_sales_price) VALUES (4, 2004, 4, 20, 800.0, 250.0, 100.0);
INSERT INTO store_sales (ss_item_sk, ss_ticket_number, ss_sold_date_sk, ss_quantity, ss_ext_sales_price, ss_list_price, ss_sales_price) VALUES (3, 2005, 5, 10, 400.0, 120.0, 48.0);
INSERT INTO web_returns (wr_reason_sk, wr_order_number, wr_item_sk, wr_return_quantity, wr_return_amt) VALUES (7, 3001, 1, 1, 4.0);
INSERT INTO web_returns (wr_reason_sk, wr_order_number, wr_item_sk, wr_return_quantity, wr_return_amt) VALUES (25, 3002, 2, 2, 8.0);
INSERT INTO web_returns (wr_reason_sk, wr_order_number, wr_item_sk, wr_return_quantity, wr_return_amt) VALUES (26, 3003, 1, 1, 4.0);
INSERT INTO web_returns (wr_reason_sk, wr_order_number, wr_item_sk, wr_return_quantity, wr_return_amt) VALUES (52, 3004, 2, 1, 4.0);
INSERT INTO web_returns (wr_reason_sk, wr_order_number, wr_item_sk, wr_return_quantity, wr_return_amt) VALUES (69, 3005, 1, 2, 8.0);
INSERT INTO web_sales (ws_item_sk, ws_order_number, ws_sold_date_sk, ws_quantity, ws_ext_sales_price, ws_list_price, ws_sales_price) VALUES (1, 3001, 1, 6, 240.0, 100.0, 40.0);
INSERT INTO web_sales (ws_item_sk, ws_order_number, ws_sold_date_sk, ws_quantity, ws_ext_sales_price, ws_list_price, ws_sales_price) VALUES (2, 3002, 2, 12, 480.0, 200.0, 80.0);
INSERT INTO web_sales (ws_item_sk, ws_order_number, ws_sold_date_sk, ws_quantity, ws_ext_sales_price, ws_list_price, ws_sales_price) VALUES (1, 3003, 3, 9, 360.0, 150.0, 60.0);
INSERT INTO web_sales (ws_item_sk, ws_order_number, ws_sold_date_sk, ws_quantity, ws_ext_sales_price, ws_list_price, ws_sales_price) VALUES (2, 3004, 4, 15, 600.0, 250.0, 100.0);
INSERT INTO web_sales (ws_item_sk, ws_order_number, ws_sold_date_sk, ws_quantity, ws_ext_sales_price, ws_list_price, ws_sales_price) VALUES (1, 3005, 5, 8, 320.0, 120.0, 48.0);