INSERT INTO catalog_returns (cr_reason_sk, cr_order_number, cr_item_sk, cr_return_quantity, cr_return_amount) VALUES (7, 1001, 1, 5, 20.0);
INSERT INTO catalog_returns (cr_reason_sk, cr_order_number, cr_item_sk, cr_return_quantity, cr_return_amount) VALUES (25, 1002, 2, 10, 40.0);
INSERT INTO catalog_returns (cr_reason_sk, cr_order_number, cr_item_sk, cr_return_quantity, cr_return_amount) VALUES (26, 1003, 1, 3, 12.0);
INSERT INTO catalog_returns (cr_reason_sk, cr_order_number, cr_item_sk, cr_return_quantity, cr_return_amount) VALUES (52, 1004, 2, 7, 28.0);
INSERT INTO catalog_returns (cr_reason_sk, cr_order_number, cr_item_sk, cr_return_quantity, cr_return_amount) VALUES (69, 1005, 1, 4, 16.0);
INSERT INTO catalog_returns (cr_reason_sk, cr_order_number, cr_item_sk, cr_return_quantity, cr_return_amount) VALUES (7, 1006, 3, 2, 8.0);
INSERT INTO catalog_returns (cr_reason_sk, cr_order_number, cr_item_sk, cr_return_quantity, cr_return_amount) VALUES (25, 1007, 4, 4, 16.0);
INSERT INTO catalog_returns (cr_reason_sk, cr_order_number, cr_item_sk, cr_return_quantity, cr_return_amount) VALUES (26, 1008, 3, 1, 4.0);
INSERT INTO catalog_returns (cr_reason_sk, cr_order_number, cr_item_sk, cr_return_quantity, cr_return_amount) VALUES (52, 1009, 4, 3, 12.0);
INSERT INTO catalog_returns (cr_reason_sk, cr_order_number, cr_item_sk, cr_return_quantity, cr_return_amount) VALUES (69, 1010, 3, 2, 8.0);
INSERT INTO catalog_returns (cr_reason_sk, cr_order_number, cr_item_sk, cr_return_quantity, cr_return_amount) VALUES (7, 1011, 1, 8, 32.0);
INSERT INTO catalog_returns (cr_reason_sk, cr_order_number, cr_item_sk, cr_return_quantity, cr_return_amount) VALUES (25, 1012, 2, 12, 48.0);
INSERT INTO catalog_returns (cr_reason_sk, cr_order_number, cr_item_sk, cr_return_quantity, cr_return_amount) VALUES (26, 1013, 1, 6, 24.0);
INSERT INTO catalog_returns (cr_reason_sk, cr_order_number, cr_item_sk, cr_return_quantity, cr_return_amount) VALUES (52, 1014, 2, 9, 36.0);
INSERT INTO catalog_returns (cr_reason_sk, cr_order_number, cr_item_sk, cr_return_quantity, cr_return_amount) VALUES (69, 1015, 1, 7, 28.0);
INSERT INTO catalog_sales (cs_item_sk, cs_order_number, cs_sold_date_sk, cs_quantity, cs_ext_sales_price, cs_list_price, cs_sales_price) VALUES (1, 1001, 1, 25, 1000.0, 100.0, 40.0);
INSERT INTO catalog_sales (cs_item_sk, cs_order_number, cs_sold_date_sk, cs_quantity, cs_ext_sales_price, cs_list_price, cs_sales_price) VALUES (2, 1002, 2, 50, 2000.0, 200.0, 80.0);
INSERT INTO catalog_sales (cs_item_sk, cs_order_number, cs_sold_date_sk, cs_quantity, cs_ext_sales_price, cs_list_price, cs_sales_price) VALUES (1, 1003, 1, 15, 600.0, 100.0, 40.0);
INSERT INTO catalog_sales (cs_item_sk, cs_order_number, cs_sold_date_sk, cs_quantity, cs_ext_sales_price, cs_list_price, cs_sales_price) VALUES (2, 1004, 2, 35, 1400.0, 200.0, 80.0);
INSERT INTO catalog_sales (cs_item_sk, cs_order_number, cs_sold_date_sk, cs_quantity, cs_ext_sales_price, cs_list_price, cs_sales_price) VALUES (1, 1005, 1, 20, 800.0, 100.0, 40.0);
INSERT INTO catalog_sales (cs_item_sk, cs_order_number, cs_sold_date_sk, cs_quantity, cs_ext_sales_price, cs_list_price, cs_sales_price) VALUES (3, 1006, 3, 10, 400.0, 100.0, 40.0);
INSERT INTO catalog_sales (cs_item_sk, cs_order_number, cs_sold_date_sk, cs_quantity, cs_ext_sales_price, cs_list_price, cs_sales_price) VALUES (4, 1007, 4, 20, 800.0, 200.0, 80.0);
INSERT INTO catalog_sales (cs_item_sk, cs_order_number, cs_sold_date_sk, cs_quantity, cs_ext_sales_price, cs_list_price, cs_sales_price) VALUES (3, 1008, 3, 5, 200.0, 100.0, 40.0);
INSERT INTO catalog_sales (cs_item_sk, cs_order_number, cs_sold_date_sk, cs_quantity, cs_ext_sales_price, cs_list_price, cs_sales_price) VALUES (4, 1009, 4, 15, 600.0, 200.0, 80.0);
INSERT INTO catalog_sales (cs_item_sk, cs_order_number, cs_sold_date_sk, cs_quantity, cs_ext_sales_price, cs_list_price, cs_sales_price) VALUES (3, 1010, 3, 10, 400.0, 100.0, 40.0);
INSERT INTO catalog_sales (cs_item_sk, cs_order_number, cs_sold_date_sk, cs_quantity, cs_ext_sales_price, cs_list_price, cs_sales_price) VALUES (1, 1011, 5, 40, 1600.0, 100.0, 40.0);
INSERT INTO catalog_sales (cs_item_sk, cs_order_number, cs_sold_date_sk, cs_quantity, cs_ext_sales_price, cs_list_price, cs_sales_price) VALUES (2, 1012, 5, 60, 2400.0, 200.0, 80.0);
INSERT INTO catalog_sales (cs_item_sk, cs_order_number, cs_sold_date_sk, cs_quantity, cs_ext_sales_price, cs_list_price, cs_sales_price) VALUES (1, 1013, 5, 30, 1200.0, 100.0, 40.0);
INSERT INTO catalog_sales (cs_item_sk, cs_order_number, cs_sold_date_sk, cs_quantity, cs_ext_sales_price, cs_list_price, cs_sales_price) VALUES (2, 1014, 5, 45, 1800.0, 200.0, 80.0);
INSERT INTO catalog_sales (cs_item_sk, cs_order_number, cs_sold_date_sk, cs_quantity, cs_ext_sales_price, cs_list_price, cs_sales_price) VALUES (1, 1015, 5, 35, 1400.0, 100.0, 40.0);
INSERT INTO date_dim (d_date_sk, d_year) VALUES (1, 1998);
INSERT INTO date_dim (d_date_sk, d_year) VALUES (2, 1998);
INSERT INTO date_dim (d_date_sk, d_year) VALUES (3, 1998);
INSERT INTO date_dim (d_date_sk, d_year) VALUES (4, 1998);
INSERT INTO date_dim (d_date_sk, d_year) VALUES (5, 1999);
INSERT INTO date_dim (d_date_sk, d_year) VALUES (6, 1999);
INSERT INTO date_dim (d_date_sk, d_year) VALUES (7, 1999);
INSERT INTO date_dim (d_date_sk, d_year) VALUES (8, 1999);
INSERT INTO date_dim (d_date_sk, d_year) VALUES (9, 1999);
INSERT INTO item (i_item_sk, i_brand_id, i_category, i_category_id, i_class_id, i_manufact_id) VALUES (1, 1000, 'Home', 1, 1, 1);
INSERT INTO item (i_item_sk, i_brand_id, i_category, i_category_id, i_class_id, i_manufact_id) VALUES (2, 1001, 'Home', 2, 2, 2);
INSERT INTO item (i_item_sk, i_brand_id, i_category, i_category_id, i_class_id, i_manufact_id) VALUES (3, 1000, 'Home', 1, 1, 1);
INSERT INTO item (i_item_sk, i_brand_id, i_category, i_category_id, i_class_id, i_manufact_id) VALUES (4, 1001, 'Home', 2, 2, 2);
INSERT INTO store_returns (sr_reason_sk, sr_ticket_number, sr_item_sk, sr_return_quantity, sr_return_amt) VALUES (7, 2001, 1, 3, 12.0);
INSERT INTO store_returns (sr_reason_sk, sr_ticket_number, sr_item_sk, sr_return_quantity, sr_return_amt) VALUES (25, 2002, 2, 6, 24.0);
INSERT INTO store_returns (sr_reason_sk, sr_ticket_number, sr_item_sk, sr_return_quantity, sr_return_amt) VALUES (26, 2003, 1, 2, 8.0);
INSERT INTO store_returns (sr_reason_sk, sr_ticket_number, sr_item_sk, sr_return_quantity, sr_return_amt) VALUES (52, 2004, 2, 4, 16.0);
INSERT INTO store_returns (sr_reason_sk, sr_ticket_number, sr_item_sk, sr_return_quantity, sr_return_amt) VALUES (69, 2005, 1, 3, 12.0);
INSERT INTO store_returns (sr_reason_sk, sr_ticket_number, sr_item_sk, sr_return_quantity, sr_return_amt) VALUES (7, 2006, 3, 1, 4.0);
INSERT INTO store_returns (sr_reason_sk, sr_ticket_number, sr_item_sk, sr_return_quantity, sr_return_amt) VALUES (25, 2007, 4, 2, 8.0);
INSERT INTO store_returns (sr_reason_sk, sr_ticket_number, sr_item_sk, sr_return_quantity, sr_return_amt) VALUES (26, 2008, 3, 1, 4.0);
INSERT INTO store_returns (sr_reason_sk, sr_ticket_number, sr_item_sk, sr_return_quantity, sr_return_amt) VALUES (52, 2009, 4, 2, 8.0);
INSERT INTO store_returns (sr_reason_sk, sr_ticket_number, sr_item_sk, sr_return_quantity, sr_return_amt) VALUES (69, 2010, 3, 1, 4.0);
INSERT INTO store_returns (sr_reason_sk, sr_ticket_number, sr_item_sk, sr_return_quantity, sr_return_amt) VALUES (7, 2011, 1, 6, 24.0);
INSERT INTO store_returns (sr_reason_sk, sr_ticket_number, sr_item_sk, sr_return_quantity, sr_return_amt) VALUES (25, 2012, 2, 8, 32.0);
INSERT INTO store_returns (sr_reason_sk, sr_ticket_number, sr_item_sk, sr_return_quantity, sr_return_amt) VALUES (26, 2013, 1, 4, 16.0);
INSERT INTO store_returns (sr_reason_sk, sr_ticket_number, sr_item_sk, sr_return_quantity, sr_return_amt) VALUES (52, 2014, 2, 6, 24.0);
INSERT INTO store_returns (sr_reason_sk, sr_ticket_number, sr_item_sk, sr_return_quantity, sr_return_amt) VALUES (69, 2015, 1, 5, 20.0);
INSERT INTO store_sales (ss_item_sk, ss_ticket_number, ss_sold_date_sk, ss_quantity, ss_ext_sales_price, ss_list_price, ss_sales_price) VALUES (1, 2001, 1, 15, 600.0, 100.0, 40.0);
INSERT INTO store_sales (ss_item_sk, ss_ticket_number, ss_sold_date_sk, ss_quantity, ss_ext_sales_price, ss_list_price, ss_sales_price) VALUES (2, 2002, 2, 30, 1200.0, 200.0, 80.0);
INSERT INTO store_sales (ss_item_sk, ss_ticket_number, ss_sold_date_sk, ss_quantity, ss_ext_sales_price, ss_list_price, ss_sales_price) VALUES (1, 2003, 1, 10, 400.0, 100.0, 40.0);
INSERT INTO store_sales (ss_item_sk, ss_ticket_number, ss_sold_date_sk, ss_quantity, ss_ext_sales_price, ss_list_price, ss_sales_price) VALUES (2, 2004, 2, 20, 800.0, 200.0, 80.0);
INSERT INTO store_sales (ss_item_sk, ss_ticket_number, ss_sold_date_sk, ss_quantity, ss_ext_sales_price, ss_list_price, ss_sales_price) VALUES (1, 2005, 1, 15, 600.0, 100.0, 40.0);
INSERT INTO store_sales (ss_item_sk, ss_ticket_number, ss_sold_date_sk, ss_quantity, ss_ext_sales_price, ss_list_price, ss_sales_price) VALUES (3, 2006, 3, 5, 200.0, 100.0, 40.0);
INSERT INTO store_sales (ss_item_sk, ss_ticket_number, ss_sold_date_sk, ss_quantity, ss_ext_sales_price, ss_list_price, ss_sales_price) VALUES (4, 2007, 4, 10, 400.0, 200.0, 80.0);
INSERT INTO store_sales (ss_item_sk, ss_ticket_number, ss_sold_date_sk, ss_quantity, ss_ext_sales_price, ss_list_price, ss_sales_price) VALUES (3, 2008, 3, 5, 200.0, 100.0, 40.0);
INSERT INTO store_sales (ss_item_sk, ss_ticket_number, ss_sold_date_sk, ss_quantity, ss_ext_sales_price, ss_list_price, ss_sales_price) VALUES (4, 2009, 4, 10, 400.0, 200.0, 80.0);
INSERT INTO store_sales (ss_item_sk, ss_ticket_number, ss_sold_date_sk, ss_quantity, ss_ext_sales_price, ss_list_price, ss_sales_price) VALUES (3, 2010, 3, 5, 200.0, 100.0, 40.0);
INSERT INTO store_sales (ss_item_sk, ss_ticket_number, ss_sold_date_sk, ss_quantity, ss_ext_sales_price, ss_list_price, ss_sales_price) VALUES (1, 2011, 5, 25, 1000.0, 100.0, 40.0);
INSERT INTO store_sales (ss_item_sk, ss_ticket_number, ss_sold_date_sk, ss_quantity, ss_ext_sales_price, ss_list_price, ss_sales_price) VALUES (2, 2012, 5, 40, 1600.0, 200.0, 80.0);
INSERT INTO store_sales (ss_item_sk, ss_ticket_number, ss_sold_date_sk, ss_quantity, ss_ext_sales_price, ss_list_price, ss_sales_price) VALUES (1, 2013, 5, 20, 800.0, 100.0, 40.0);
INSERT INTO store_sales (ss_item_sk, ss_ticket_number, ss_sold_date_sk, ss_quantity, ss_ext_sales_price, ss_list_price, ss_sales_price) VALUES (2, 2014, 5, 30, 1200.0, 200.0, 80.0);
INSERT INTO store_sales (ss_item_sk, ss_ticket_number, ss_sold_date_sk, ss_quantity, ss_ext_sales_price, ss_list_price, ss_sales_price) VALUES (1, 2015, 5, 25, 1000.0, 100.0, 40.0);
INSERT INTO web_returns (wr_reason_sk, wr_order_number, wr_item_sk, wr_return_quantity, wr_return_amt) VALUES (7, 3001, 1, 2, 8.0);
INSERT INTO web_returns (wr_reason_sk, wr_order_number, wr_item_sk, wr_return_quantity, wr_return_amt) VALUES (25, 3002, 2, 4, 16.0);
INSERT INTO web_returns (wr_reason_sk, wr_order_number, wr_item_sk, wr_return_quantity, wr_return_amt) VALUES (26, 3003, 1, 1, 4.0);
INSERT INTO web_returns (wr_reason_sk, wr_order_number, wr_item_sk, wr_return_quantity, wr_return_amt) VALUES (52, 3004, 2, 3, 12.0);
INSERT INTO web_returns (wr_reason_sk, wr_order_number, wr_item_sk, wr_return_quantity, wr_return_amt) VALUES (69, 3005, 1, 2, 8.0);
INSERT INTO web_returns (wr_reason_sk, wr_order_number, wr_item_sk, wr_return_quantity, wr_return_amt) VALUES (7, 3006, 3, 1, 4.0);
INSERT INTO web_returns (wr_reason_sk, wr_order_number, wr_item_sk, wr_return_quantity, wr_return_amt) VALUES (25, 3007, 4, 2, 8.0);
INSERT INTO web_returns (wr_reason_sk, wr_order_number, wr_item_sk, wr_return_quantity, wr_return_amt) VALUES (26, 3008, 3, 1, 4.0);
INSERT INTO web_returns (wr_reason_sk, wr_order_number, wr_item_sk, wr_return_quantity, wr_return_amt) VALUES (52, 3009, 4, 1, 4.0);
INSERT INTO web_returns (wr_reason_sk, wr_order_number, wr_item_sk, wr_return_quantity, wr_return_amt) VALUES (69, 3010, 3, 1, 4.0);
INSERT INTO web_returns (wr_reason_sk, wr_order_number, wr_item_sk, wr_return_quantity, wr_return_amt) VALUES (7, 3011, 1, 6, 24.0);
INSERT INTO web_returns (wr_reason_sk, wr_order_number, wr_item_sk, wr_return_quantity, wr_return_amt) VALUES (25, 3012, 2, 8, 32.0);
INSERT INTO web_returns (wr_reason_sk, wr_order_number, wr_item_sk, wr_return_quantity, wr_return_amt) VALUES (26, 3013, 1, 4, 16.0);
INSERT INTO web_returns (wr_reason_sk, wr_order_number, wr_item_sk, wr_return_quantity, wr_return_amt) VALUES (52, 3014, 2, 5, 20.0);
INSERT INTO web_returns (wr_reason_sk, wr_order_number, wr_item_sk, wr_return_quantity, wr_return_amt) VALUES (69, 3015, 1, 5, 20.0);
INSERT INTO web_sales (ws_item_sk, ws_order_number, ws_sold_date_sk, ws_quantity, ws_ext_sales_price, ws_list_price, ws_sales_price) VALUES (1, 3001, 1, 10, 400.0, 100.0, 40.0);
INSERT INTO web_sales (ws_item_sk, ws_order_number, ws_sold_date_sk, ws_quantity, ws_ext_sales_price, ws_list_price, ws_sales_price) VALUES (2, 3002, 2, 20, 800.0, 200.0, 80.0);
INSERT INTO web_sales (ws_item_sk, ws_order_number, ws_sold_date_sk, ws_quantity, ws_ext_sales_price, ws_list_price, ws_sales_price) VALUES (1, 3003, 1, 5, 200.0, 100.0, 40.0);
INSERT INTO web_sales (ws_item_sk, ws_order_number, ws_sold_date_sk, ws_quantity, ws_ext_sales_price, ws_list_price, ws_sales_price) VALUES (2, 3004, 2, 15, 600.0, 200.0, 80.0);
INSERT INTO web_sales (ws_item_sk, ws_order_number, ws_sold_date_sk, ws_quantity, ws_ext_sales_price, ws_list_price, ws_sales_price) VALUES (1, 3005, 1, 10, 400.0, 100.0, 40.0);
INSERT INTO web_sales (ws_item_sk, ws_order_number, ws_sold_date_sk, ws_quantity, ws_ext_sales_price, ws_list_price, ws_sales_price) VALUES (3, 3006, 3, 5, 200.0, 100.0, 40.0);
INSERT INTO web_sales (ws_item_sk, ws_order_number, ws_sold_date_sk, ws_quantity, ws_ext_sales_price, ws_list_price, ws_sales_price) VALUES (4, 3007, 4, 10, 400.0, 200.0, 80.0);
INSERT INTO web_sales (ws_item_sk, ws_order_number, ws_sold_date_sk, ws_quantity, ws_ext_sales_price, ws_list_price, ws_sales_price) VALUES (3, 3008, 3, 5, 200.0, 100.0, 40.0);
INSERT INTO web_sales (ws_item_sk, ws_order_number, ws_sold_date_sk, ws_quantity, ws_ext_sales_price, ws_list_price, ws_sales_price) VALUES (4, 3009, 4, 5, 200.0, 200.0, 80.0);
INSERT INTO web_sales (ws_item_sk, ws_order_number, ws_sold_date_sk, ws_quantity, ws_ext_sales_price, ws_list_price, ws_sales_price) VALUES (3, 3010, 3, 5, 200.0, 100.0, 40.0);
INSERT INTO web_sales (ws_item_sk, ws_order_number, ws_sold_date_sk, ws_quantity, ws_ext_sales_price, ws_list_price, ws_sales_price) VALUES (1, 3011, 5, 30, 1200.0, 100.0, 40.0);
INSERT INTO web_sales (ws_item_sk, ws_order_number, ws_sold_date_sk, ws_quantity, ws_ext_sales_price, ws_list_price, ws_sales_price) VALUES (2, 3012, 5, 40, 1600.0, 200.0, 80.0);
INSERT INTO web_sales (ws_item_sk, ws_order_number, ws_sold_date_sk, ws_quantity, ws_ext_sales_price, ws_list_price, ws_sales_price) VALUES (1, 3013, 5, 20, 800.0, 100.0, 40.0);
INSERT INTO web_sales (ws_item_sk, ws_order_number, ws_sold_date_sk, ws_quantity, ws_ext_sales_price, ws_list_price, ws_sales_price) VALUES (2, 3014, 5, 25, 1000.0, 200.0, 80.0);
INSERT INTO web_sales (ws_item_sk, ws_order_number, ws_sold_date_sk, ws_quantity, ws_ext_sales_price, ws_list_price, ws_sales_price) VALUES (1, 3015, 5, 25, 1000.0, 100.0, 40.0);