INSERT INTO date_dim (d_date_sk, d_month_seq) VALUES (3000, 1195);
INSERT INTO date_dim (d_date_sk, d_month_seq) VALUES (3001, 1196);
INSERT INTO date_dim (d_date_sk, d_month_seq) VALUES (3002, 1197);
INSERT INTO date_dim (d_date_sk, d_month_seq) VALUES (3003, 1198);
INSERT INTO date_dim (d_date_sk, d_month_seq) VALUES (3004, 1199);
INSERT INTO date_dim (d_date_sk, d_month_seq) VALUES (3005, 1200);
INSERT INTO date_dim (d_date_sk, d_month_seq) VALUES (3006, 1201);
INSERT INTO date_dim (d_date_sk, d_month_seq) VALUES (3007, 1202);
INSERT INTO date_dim (d_date_sk, d_month_seq) VALUES (3008, 1203);
INSERT INTO date_dim (d_date_sk, d_month_seq) VALUES (3009, 1204);
INSERT INTO date_dim (d_date_sk, d_month_seq) VALUES (3010, 1205);
INSERT INTO date_dim (d_date_sk, d_month_seq) VALUES (3011, 1206);
INSERT INTO item (i_item_sk, i_manager_id, i_brand, i_current_price, i_item_desc, i_wholesale_cost) VALUES (2000, 80, 'BrandA', 19.99, 'Item A', 10.0);
INSERT INTO item (i_item_sk, i_manager_id, i_brand, i_current_price, i_item_desc, i_wholesale_cost) VALUES (2001, 81, 'BrandB', 29.99, 'Item B', 15.0);
INSERT INTO item (i_item_sk, i_manager_id, i_brand, i_current_price, i_item_desc, i_wholesale_cost) VALUES (2002, 82, 'BrandC', 39.99, 'Item C', 20.0);
INSERT INTO item (i_item_sk, i_manager_id, i_brand, i_current_price, i_item_desc, i_wholesale_cost) VALUES (2003, 83, 'BrandD', 49.99, 'Item D', 25.0);
INSERT INTO item (i_item_sk, i_manager_id, i_brand, i_current_price, i_item_desc, i_wholesale_cost) VALUES (2004, 84, 'BrandE', 59.99, 'Item E', 30.0);
INSERT INTO item (i_item_sk, i_manager_id, i_brand, i_current_price, i_item_desc, i_wholesale_cost) VALUES (2005, 80, 'BrandF', 69.99, 'Item F', 35.0);
INSERT INTO store (s_store_sk, s_state, s_store_name) VALUES (1000, 'IA', 'Store IA');
INSERT INTO store (s_store_sk, s_state, s_store_name) VALUES (1001, 'IL', 'Store IL');
INSERT INTO store (s_store_sk, s_state, s_store_name) VALUES (1002, 'NC', 'Store NC');
INSERT INTO store_sales (ss_store_sk, ss_item_sk, ss_sold_date_sk, ss_list_price, ss_sales_price) VALUES (1000, 2000, 3000, 100.0, 40.0);
INSERT INTO store_sales (ss_store_sk, ss_item_sk, ss_sold_date_sk, ss_list_price, ss_sales_price) VALUES (1000, 2000, 3001, 100.0, 40.0);
INSERT INTO store_sales (ss_store_sk, ss_item_sk, ss_sold_date_sk, ss_list_price, ss_sales_price) VALUES (1000, 2001, 3000, 100.0, 40.0);
INSERT INTO store_sales (ss_store_sk, ss_item_sk, ss_sold_date_sk, ss_list_price, ss_sales_price) VALUES (1000, 2001, 3001, 100.0, 40.0);
INSERT INTO store_sales (ss_store_sk, ss_item_sk, ss_sold_date_sk, ss_list_price, ss_sales_price) VALUES (1000, 2002, 3000, 100.0, 40.0);
INSERT INTO store_sales (ss_store_sk, ss_item_sk, ss_sold_date_sk, ss_list_price, ss_sales_price) VALUES (1000, 2002, 3001, 100.0, 40.0);
INSERT INTO store_sales (ss_store_sk, ss_item_sk, ss_sold_date_sk, ss_list_price, ss_sales_price) VALUES (1000, 2003, 3000, 100.0, 40.0);
INSERT INTO store_sales (ss_store_sk, ss_item_sk, ss_sold_date_sk, ss_list_price, ss_sales_price) VALUES (1000, 2003, 3001, 100.0, 40.0);
INSERT INTO store_sales (ss_store_sk, ss_item_sk, ss_sold_date_sk, ss_list_price, ss_sales_price) VALUES (1001, 2000, 3000, 100.0, 40.0);
INSERT INTO store_sales (ss_store_sk, ss_item_sk, ss_sold_date_sk, ss_list_price, ss_sales_price) VALUES (1001, 2000, 3001, 100.0, 40.0);
INSERT INTO store_sales (ss_store_sk, ss_item_sk, ss_sold_date_sk, ss_list_price, ss_sales_price) VALUES (1001, 2001, 3000, 100.0, 40.0);
INSERT INTO store_sales (ss_store_sk, ss_item_sk, ss_sold_date_sk, ss_list_price, ss_sales_price) VALUES (1001, 2001, 3001, 100.0, 40.0);
INSERT INTO store_sales (ss_store_sk, ss_item_sk, ss_sold_date_sk, ss_list_price, ss_sales_price) VALUES (1001, 2002, 3000, 100.0, 40.0);
INSERT INTO store_sales (ss_store_sk, ss_item_sk, ss_sold_date_sk, ss_list_price, ss_sales_price) VALUES (1001, 2002, 3001, 100.0, 40.0);
INSERT INTO store_sales (ss_store_sk, ss_item_sk, ss_sold_date_sk, ss_list_price, ss_sales_price) VALUES (1001, 2003, 3000, 100.0, 40.0);
INSERT INTO store_sales (ss_store_sk, ss_item_sk, ss_sold_date_sk, ss_list_price, ss_sales_price) VALUES (1001, 2003, 3001, 100.0, 40.0);
INSERT INTO store_sales (ss_store_sk, ss_item_sk, ss_sold_date_sk, ss_list_price, ss_sales_price) VALUES (1002, 2004, 3000, 100.0, 40.0);
INSERT INTO store_sales (ss_store_sk, ss_item_sk, ss_sold_date_sk, ss_list_price, ss_sales_price) VALUES (1002, 2004, 3001, 100.0, 40.0);
INSERT INTO store_sales (ss_store_sk, ss_item_sk, ss_sold_date_sk, ss_list_price, ss_sales_price) VALUES (1002, 2005, 3000, 100.0, 40.0);
INSERT INTO store_sales (ss_store_sk, ss_item_sk, ss_sold_date_sk, ss_list_price, ss_sales_price) VALUES (1002, 2005, 3001, 100.0, 40.0);