INSERT INTO date_dim (d_date_sk, d_month_seq) VALUES (1000, 1215);
INSERT INTO date_dim (d_date_sk, d_month_seq) VALUES (1001, 1216);
INSERT INTO item (i_item_sk, i_manager_id, i_brand, i_current_price, i_item_desc, i_wholesale_cost) VALUES (1000, 10, 'BrandA', 10.0, 'Item 1000 desc', 5.0);
INSERT INTO item (i_item_sk, i_manager_id, i_brand, i_current_price, i_item_desc, i_wholesale_cost) VALUES (1001, 11, 'BrandB', 15.0, 'Item 1001 desc', 7.5);
INSERT INTO item (i_item_sk, i_manager_id, i_brand, i_current_price, i_item_desc, i_wholesale_cost) VALUES (1002, 12, 'BrandC', 20.0, 'Item 1002 desc', 10.0);
INSERT INTO item (i_item_sk, i_manager_id, i_brand, i_current_price, i_item_desc, i_wholesale_cost) VALUES (1003, 13, 'BrandD', 25.0, 'Item 1003 desc', 12.5);
INSERT INTO store (s_store_sk, s_state, s_store_name) VALUES (1000, 'KS', 'Store KS 1000');
INSERT INTO store (s_store_sk, s_state, s_store_name) VALUES (1001, 'OH', 'Store OH 1001');
INSERT INTO store_sales (ss_item_sk, ss_store_sk, ss_sold_date_sk, ss_list_price, ss_sales_price) VALUES (1000, 1000, 1000, 100.0, 80.0);
INSERT INTO store_sales (ss_item_sk, ss_store_sk, ss_sold_date_sk, ss_list_price, ss_sales_price) VALUES (1000, 1000, 1001, 100.0, 80.0);
INSERT INTO store_sales (ss_item_sk, ss_store_sk, ss_sold_date_sk, ss_list_price, ss_sales_price) VALUES (1001, 1000, 1000, 100.0, 80.0);
INSERT INTO store_sales (ss_item_sk, ss_store_sk, ss_sold_date_sk, ss_list_price, ss_sales_price) VALUES (1001, 1000, 1001, 100.0, 80.0);
INSERT INTO store_sales (ss_item_sk, ss_store_sk, ss_sold_date_sk, ss_list_price, ss_sales_price) VALUES (1002, 1001, 1000, 100.0, 80.0);
INSERT INTO store_sales (ss_item_sk, ss_store_sk, ss_sold_date_sk, ss_list_price, ss_sales_price) VALUES (1002, 1001, 1001, 100.0, 80.0);
INSERT INTO store_sales (ss_item_sk, ss_store_sk, ss_sold_date_sk, ss_list_price, ss_sales_price) VALUES (1003, 1001, 1000, 100.0, 80.0);
INSERT INTO store_sales (ss_item_sk, ss_store_sk, ss_sold_date_sk, ss_list_price, ss_sales_price) VALUES (1003, 1001, 1001, 100.0, 80.0);