INSERT INTO date_dim (d_date_sk, d_year) VALUES (1000, 1998);
INSERT INTO date_dim (d_date_sk, d_year) VALUES (1001, 1999);
INSERT INTO item (i_item_sk, i_brand_id, i_class_id, i_category_id, i_manufact_id, i_category) VALUES (2000, 1, 1, 1, 1, 'Home');
INSERT INTO item (i_item_sk, i_brand_id, i_class_id, i_category_id, i_manufact_id, i_category) VALUES (2001, 2, 2, 2, 2, 'Home');
INSERT INTO web_sales (ws_item_sk, ws_order_number, ws_sold_date_sk, ws_quantity, ws_ext_sales_price, ws_list_price, ws_sales_price) VALUES (2000, 3000, 1000, 50, 1000.0, 200.0, 100.0);
INSERT INTO web_sales (ws_item_sk, ws_order_number, ws_sold_date_sk, ws_quantity, ws_ext_sales_price, ws_list_price, ws_sales_price) VALUES (2000, 3001, 1001, 40, 800.0, 200.0, 100.0);
INSERT INTO web_sales (ws_item_sk, ws_order_number, ws_sold_date_sk, ws_quantity, ws_ext_sales_price, ws_list_price, ws_sales_price) VALUES (2001, 3002, 1000, 50, 1000.0, 200.0, 100.0);
INSERT INTO web_sales (ws_item_sk, ws_order_number, ws_sold_date_sk, ws_quantity, ws_ext_sales_price, ws_list_price, ws_sales_price) VALUES (2001, 3003, 1001, 40, 800.0, 200.0, 100.0);
INSERT INTO web_returns (wr_order_number, wr_item_sk, wr_return_quantity, wr_return_amt, wr_reason_sk) VALUES (3000, 2000, 0, 0.0, 7);
INSERT INTO web_returns (wr_order_number, wr_item_sk, wr_return_quantity, wr_return_amt, wr_reason_sk) VALUES (3001, 2000, 0, 0.0, 7);
INSERT INTO web_returns (wr_order_number, wr_item_sk, wr_return_quantity, wr_return_amt, wr_reason_sk) VALUES (3002, 2001, 0, 0.0, 7);
INSERT INTO web_returns (wr_order_number, wr_item_sk, wr_return_quantity, wr_return_amt, wr_reason_sk) VALUES (3003, 2001, 0, 0.0, 7);
INSERT INTO catalog_sales (cs_item_sk, cs_order_number, cs_sold_date_sk, cs_quantity, cs_ext_sales_price, cs_list_price, cs_sales_price) VALUES (2000, 4000, 1000, 50, 1000.0, 200.0, 100.0);
INSERT INTO catalog_sales (cs_item_sk, cs_order_number, cs_sold_date_sk, cs_quantity, cs_ext_sales_price, cs_list_price, cs_sales_price) VALUES (2000, 4001, 1001, 40, 800.0, 200.0, 100.0);
INSERT INTO catalog_sales (cs_item_sk, cs_order_number, cs_sold_date_sk, cs_quantity, cs_ext_sales_price, cs_list_price, cs_sales_price) VALUES (2001, 4002, 1000, 50, 1000.0, 200.0, 100.0);
INSERT INTO catalog_sales (cs_item_sk, cs_order_number, cs_sold_date_sk, cs_quantity, cs_ext_sales_price, cs_list_price, cs_sales_price) VALUES (2001, 4003, 1001, 40, 800.0, 200.0, 100.0);
INSERT INTO catalog_returns (cr_order_number, cr_item_sk, cr_return_quantity, cr_return_amount, cr_reason_sk) VALUES (4000, 2000, 0, 0.0, 7);
INSERT INTO catalog_returns (cr_order_number, cr_item_sk, cr_return_quantity, cr_return_amount, cr_reason_sk) VALUES (4001, 2000, 0, 0.0, 7);
INSERT INTO catalog_returns (cr_order_number, cr_item_sk, cr_return_quantity, cr_return_amount, cr_reason_sk) VALUES (4002, 2001, 0, 0.0, 7);
INSERT INTO catalog_returns (cr_order_number, cr_item_sk, cr_return_quantity, cr_return_amount, cr_reason_sk) VALUES (4003, 2001, 0, 0.0, 7);
INSERT INTO store_sales (ss_item_sk, ss_ticket_number, ss_sold_date_sk, ss_quantity, ss_ext_sales_price, ss_list_price, ss_sales_price) VALUES (2000, 5000, 1000, 50, 1000.0, 200.0, 100.0);
INSERT INTO store_sales (ss_item_sk, ss_ticket_number, ss_sold_date_sk, ss_quantity, ss_ext_sales_price, ss_list_price, ss_sales_price) VALUES (2000, 5001, 1001, 40, 800.0, 200.0, 100.0);
INSERT INTO store_sales (ss_item_sk, ss_ticket_number, ss_sold_date_sk, ss_quantity, ss_ext_sales_price, ss_list_price, ss_sales_price) VALUES (2001, 5002, 1000, 50, 1000.0, 200.0, 100.0);
INSERT INTO store_sales (ss_item_sk, ss_ticket_number, ss_sold_date_sk, ss_quantity, ss_ext_sales_price, ss_list_price, ss_sales_price) VALUES (2001, 5003, 1001, 40, 800.0, 200.0, 100.0);
INSERT INTO store_returns (sr_ticket_number, sr_item_sk, sr_return_quantity, sr_return_amt, sr_reason_sk) VALUES (5000, 2000, 0, 0.0, 7);
INSERT INTO store_returns (sr_ticket_number, sr_item_sk, sr_return_quantity, sr_return_amt, sr_reason_sk) VALUES (5001, 2000, 0, 0.0, 7);
INSERT INTO store_returns (sr_ticket_number, sr_item_sk, sr_return_quantity, sr_return_amt, sr_reason_sk) VALUES (5002, 2001, 0, 0.0, 7);
INSERT INTO store_returns (sr_ticket_number, sr_item_sk, sr_return_quantity, sr_return_amt, sr_reason_sk) VALUES (5003, 2001, 0, 0.0, 7);