INSERT INTO date_dim (d_date_sk, d_month_seq) VALUES (3000, 1195);
INSERT INTO date_dim (d_date_sk, d_month_seq) VALUES (3001, 1196);
INSERT INTO date_dim (d_date_sk, d_month_seq) VALUES (3002, 1197);
INSERT INTO date_dim (d_date_sk, d_month_seq) VALUES (3003, 1198);
INSERT INTO date_dim (d_date_sk, d_month_seq) VALUES (3004, 1199);
INSERT INTO date_dim (d_date_sk, d_month_seq) VALUES (3005, 1200);
INSERT INTO date_dim (d_date_sk, d_month_seq) VALUES (3006, 1201);
INSERT INTO date_dim (d_date_sk, d_month_seq) VALUES (3007, 1202);
INSERT INTO date_dim (d_date_sk, d_month_seq) VALUES (3008, 1203);
INSERT INTO date_dim (d_date_sk, d_month_seq) VALUES (3009, 1204);
INSERT INTO date_dim (d_date_sk, d_month_seq) VALUES (3010, 1205);
INSERT INTO date_dim (d_date_sk, d_month_seq) VALUES (3011, 1206);
INSERT INTO item (i_item_sk, i_manager_id, i_brand, i_current_price, i_wholesale_cost, i_item_desc) VALUES (2000, 80, 'BrandA', 10.0, 5.0, 'Low revenue item');
INSERT INTO item (i_item_sk, i_manager_id, i_brand, i_current_price, i_wholesale_cost, i_item_desc) VALUES (2001, 81, 'BrandB', 15.0, 7.0, 'High revenue item');
INSERT INTO store (s_store_sk, s_state, s_store_name) VALUES (1000, 'IA', 'Store IA');
INSERT INTO store_sales (ss_store_sk, ss_item_sk, ss_sold_date_sk, ss_list_price, ss_sales_price) VALUES (1000, 2000, 3000, 0.025, 0.01);
INSERT INTO store_sales (ss_store_sk, ss_item_sk, ss_sold_date_sk, ss_list_price, ss_sales_price) VALUES (1000, 2001, 3000, 10.0, 4.0);
INSERT INTO store_sales (ss_store_sk, ss_item_sk, ss_sold_date_sk, ss_list_price, ss_sales_price) VALUES (1000, 2001, 3001, 10.0, 4.0);
INSERT INTO store_sales (ss_store_sk, ss_item_sk, ss_sold_date_sk, ss_list_price, ss_sales_price) VALUES (1000, 2001, 3002, 10.0, 4.0);
INSERT INTO store_sales (ss_store_sk, ss_item_sk, ss_sold_date_sk, ss_list_price, ss_sales_price) VALUES (1000, 2001, 3003, 10.0, 4.0);
INSERT INTO store_sales (ss_store_sk, ss_item_sk, ss_sold_date_sk, ss_list_price, ss_sales_price) VALUES (1000, 2001, 3004, 10.0, 4.0);
INSERT INTO store_sales (ss_store_sk, ss_item_sk, ss_sold_date_sk, ss_list_price, ss_sales_price) VALUES (1000, 2001, 3005, 10.0, 4.0);
INSERT INTO store_sales (ss_store_sk, ss_item_sk, ss_sold_date_sk, ss_list_price, ss_sales_price) VALUES (1000, 2001, 3006, 10.0, 4.0);
INSERT INTO store_sales (ss_store_sk, ss_item_sk, ss_sold_date_sk, ss_list_price, ss_sales_price) VALUES (1000, 2001, 3007, 10.0, 4.0);
INSERT INTO store_sales (ss_store_sk, ss_item_sk, ss_sold_date_sk, ss_list_price, ss_sales_price) VALUES (1000, 2001, 3008, 10.0, 4.0);
INSERT INTO store_sales (ss_store_sk, ss_item_sk, ss_sold_date_sk, ss_list_price, ss_sales_price) VALUES (1000, 2001, 3009, 10.0, 4.0);
INSERT INTO store_sales (ss_store_sk, ss_item_sk, ss_sold_date_sk, ss_list_price, ss_sales_price) VALUES (1000, 2001, 3010, 10.0, 4.0);
INSERT INTO store_sales (ss_store_sk, ss_item_sk, ss_sold_date_sk, ss_list_price, ss_sales_price) VALUES (1000, 2001, 3011, 10.0, 4.0);
INSERT INTO store_sales (ss_store_sk, ss_item_sk, ss_sold_date_sk, ss_list_price, ss_sales_price) VALUES (1000, 2001, 3000, 10.0, 4.0);
INSERT INTO store_sales (ss_store_sk, ss_item_sk, ss_sold_date_sk, ss_list_price, ss_sales_price) VALUES (1000, 2001, 3001, 10.0, 4.0);
INSERT INTO store_sales (ss_store_sk, ss_item_sk, ss_sold_date_sk, ss_list_price, ss_sales_price) VALUES (1000, 2001, 3002, 10.0, 4.0);
INSERT INTO store_sales (ss_store_sk, ss_item_sk, ss_sold_date_sk, ss_list_price, ss_sales_price) VALUES (1000, 2001, 3003, 10.0, 4.0);
INSERT INTO store_sales (ss_store_sk, ss_item_sk, ss_sold_date_sk, ss_list_price, ss_sales_price) VALUES (1000, 2001, 3004, 10.0, 4.0);
INSERT INTO store_sales (ss_store_sk, ss_item_sk, ss_sold_date_sk, ss_list_price, ss_sales_price) VALUES (1000, 2001, 3005, 10.0, 4.0);
INSERT INTO store_sales (ss_store_sk, ss_item_sk, ss_sold_date_sk, ss_list_price, ss_sales_price) VALUES (1000, 2001, 3006, 10.0, 4.0);
INSERT INTO store_sales (ss_store_sk, ss_item_sk, ss_sold_date_sk, ss_list_price, ss_sales_price) VALUES (1000, 2001, 3007, 10.0, 4.0);
INSERT INTO store_sales (ss_store_sk, ss_item_sk, ss_sold_date_sk, ss_list_price, ss_sales_price) VALUES (1000, 2001, 3008, 10.0, 4.0);
INSERT INTO store_sales (ss_store_sk, ss_item_sk, ss_sold_date_sk, ss_list_price, ss_sales_price) VALUES (1000, 2001, 3009, 10.0, 4.0);
INSERT INTO store_sales (ss_store_sk, ss_item_sk, ss_sold_date_sk, ss_list_price, ss_sales_price) VALUES (1000, 2001, 3010, 10.0, 4.0);
INSERT INTO store_sales (ss_store_sk, ss_item_sk, ss_sold_date_sk, ss_list_price, ss_sales_price) VALUES (1000, 2001, 3011, 10.0, 4.0);