INSERT INTO date_dim (d_date_sk, d_dom, d_moy, d_week_seq, d_year) VALUES (1000, 20, 12, 5000, 1999);
INSERT INTO date_dim (d_date_sk, d_dom, d_moy, d_week_seq, d_year) VALUES (1001, 20, 12, 5000, 2000);
INSERT INTO date_dim (d_date_sk, d_dom, d_moy, d_week_seq, d_year) VALUES (1002, 15, 6, 4000, 1999);
INSERT INTO date_dim (d_date_sk, d_dom, d_moy, d_week_seq, d_year) VALUES (1003, 10, 3, 3000, 2000);
INSERT INTO date_dim (d_date_sk, d_dom, d_moy, d_week_seq, d_year) VALUES (1004, 20, 12, 5001, 1999);
INSERT INTO date_dim (d_date_sk, d_dom, d_moy, d_week_seq, d_year) VALUES (1005, 20, 12, 5001, 2000);
INSERT INTO item (i_brand_id, i_category, i_category_id, i_class_id, i_item_sk, i_manager_id) VALUES (1000, 'Electronics', 1000, 1000, 2000, 95);
INSERT INTO item (i_brand_id, i_category, i_category_id, i_class_id, i_item_sk, i_manager_id) VALUES (1001, 'Jewelry', 1001, 1001, 2001, 96);
INSERT INTO store_sales (ss_item_sk, ss_list_price, ss_quantity, ss_sold_date_sk, ss_wholesale_cost) VALUES (2000, 100.0, 2, 1000, 40.0);
INSERT INTO store_sales (ss_item_sk, ss_list_price, ss_quantity, ss_sold_date_sk, ss_wholesale_cost) VALUES (2000, 100.0, 2, 1001, 40.0);
INSERT INTO store_sales (ss_item_sk, ss_list_price, ss_quantity, ss_sold_date_sk, ss_wholesale_cost) VALUES (2001, 100.0, 2, 1004, 40.0);
INSERT INTO store_sales (ss_item_sk, ss_list_price, ss_quantity, ss_sold_date_sk, ss_wholesale_cost) VALUES (2001, 100.0, 2, 1005, 40.0);
INSERT INTO catalog_sales (cs_item_sk, cs_sold_date_sk, cs_wholesale_cost) VALUES (2000, 1002, 40.0);
INSERT INTO catalog_sales (cs_item_sk, cs_sold_date_sk, cs_wholesale_cost) VALUES (2000, 1003, 40.0);
INSERT INTO catalog_sales (cs_item_sk, cs_sold_date_sk, cs_wholesale_cost) VALUES (2001, 1002, 40.0);
INSERT INTO catalog_sales (cs_item_sk, cs_sold_date_sk, cs_wholesale_cost) VALUES (2001, 1003, 40.0);
INSERT INTO web_sales (ws_item_sk, ws_sold_date_sk, ws_wholesale_cost) VALUES (2000, 1002, 40.0);
INSERT INTO web_sales (ws_item_sk, ws_sold_date_sk, ws_wholesale_cost) VALUES (2000, 1003, 40.0);
INSERT INTO web_sales (ws_item_sk, ws_sold_date_sk, ws_wholesale_cost) VALUES (2001, 1002, 40.0);
INSERT INTO web_sales (ws_item_sk, ws_sold_date_sk, ws_wholesale_cost) VALUES (2001, 1003, 40.0);