INSERT INTO date_dim (d_date_sk, d_day_name, d_month_seq, d_week_seq) VALUES (1, 'Sunday', 1183, 100);
INSERT INTO date_dim (d_date_sk, d_day_name, d_month_seq, d_week_seq) VALUES (2, 'Monday', 1183, 100);
INSERT INTO date_dim (d_date_sk, d_day_name, d_month_seq, d_week_seq) VALUES (3, 'Tuesday', 1183, 100);
INSERT INTO date_dim (d_date_sk, d_day_name, d_month_seq, d_week_seq) VALUES (4, 'Wednesday', 1183, 100);
INSERT INTO date_dim (d_date_sk, d_day_name, d_month_seq, d_week_seq) VALUES (5, 'Thursday', 1183, 100);
INSERT INTO date_dim (d_date_sk, d_day_name, d_month_seq, d_week_seq) VALUES (6, 'Friday', 1183, 100);
INSERT INTO date_dim (d_date_sk, d_day_name, d_month_seq, d_week_seq) VALUES (7, 'Saturday', 1183, 100);
INSERT INTO date_dim (d_date_sk, d_day_name, d_month_seq, d_week_seq) VALUES (8, 'Sunday', 1195, 152);
INSERT INTO date_dim (d_date_sk, d_day_name, d_month_seq, d_week_seq) VALUES (9, 'Monday', 1195, 152);
INSERT INTO date_dim (d_date_sk, d_day_name, d_month_seq, d_week_seq) VALUES (10, 'Tuesday', 1195, 152);
INSERT INTO date_dim (d_date_sk, d_day_name, d_month_seq, d_week_seq) VALUES (11, 'Wednesday', 1195, 152);
INSERT INTO date_dim (d_date_sk, d_day_name, d_month_seq, d_week_seq) VALUES (12, 'Thursday', 1195, 152);
INSERT INTO date_dim (d_date_sk, d_day_name, d_month_seq, d_week_seq) VALUES (13, 'Friday', 1195, 152);
INSERT INTO date_dim (d_date_sk, d_day_name, d_month_seq, d_week_seq) VALUES (14, 'Saturday', 1195, 152);
INSERT INTO store (s_state, s_store_id, s_store_name, s_store_sk) VALUES ('AR', 'Store1', 'Store1', 1);
INSERT INTO store (s_state, s_store_id, s_store_name, s_store_sk) VALUES ('AR', 'Store2', 'Store2', 2);
INSERT INTO store_sales (ss_list_price, ss_sales_price, ss_sold_date_sk, ss_store_sk) VALUES (10.0, 7.0, 1, 1);
INSERT INTO store_sales (ss_list_price, ss_sales_price, ss_sold_date_sk, ss_store_sk) VALUES (10.0, 7.0, 2, 1);
INSERT INTO store_sales (ss_list_price, ss_sales_price, ss_sold_date_sk, ss_store_sk) VALUES (10.0, 7.0, 3, 1);
INSERT INTO store_sales (ss_list_price, ss_sales_price, ss_sold_date_sk, ss_store_sk) VALUES (10.0, 7.0, 4, 1);
INSERT INTO store_sales (ss_list_price, ss_sales_price, ss_sold_date_sk, ss_store_sk) VALUES (10.0, 7.0, 5, 1);
INSERT INTO store_sales (ss_list_price, ss_sales_price, ss_sold_date_sk, ss_store_sk) VALUES (10.0, 7.0, 6, 1);
INSERT INTO store_sales (ss_list_price, ss_sales_price, ss_sold_date_sk, ss_store_sk) VALUES (10.0, 7.0, 7, 1);
INSERT INTO store_sales (ss_list_price, ss_sales_price, ss_sold_date_sk, ss_store_sk) VALUES (10.0, 7.0, 8, 1);
INSERT INTO store_sales (ss_list_price, ss_sales_price, ss_sold_date_sk, ss_store_sk) VALUES (10.0, 7.0, 9, 1);
INSERT INTO store_sales (ss_list_price, ss_sales_price, ss_sold_date_sk, ss_store_sk) VALUES (10.0, 7.0, 10, 1);
INSERT INTO store_sales (ss_list_price, ss_sales_price, ss_sold_date_sk, ss_store_sk) VALUES (10.0, 7.0, 11, 1);
INSERT INTO store_sales (ss_list_price, ss_sales_price, ss_sold_date_sk, ss_store_sk) VALUES (10.0, 7.0, 12, 1);
INSERT INTO store_sales (ss_list_price, ss_sales_price, ss_sold_date_sk, ss_store_sk) VALUES (10.0, 7.0, 13, 1);
INSERT INTO store_sales (ss_list_price, ss_sales_price, ss_sold_date_sk, ss_store_sk) VALUES (10.0, 7.0, 14, 1);
INSERT INTO store_sales (ss_list_price, ss_sales_price, ss_sold_date_sk, ss_store_sk) VALUES (10.0, 7.0, 1, 2);
INSERT INTO store_sales (ss_list_price, ss_sales_price, ss_sold_date_sk, ss_store_sk) VALUES (10.0, 7.0, 2, 2);
INSERT INTO store_sales (ss_list_price, ss_sales_price, ss_sold_date_sk, ss_store_sk) VALUES (10.0, 7.0, 3, 2);
INSERT INTO store_sales (ss_list_price, ss_sales_price, ss_sold_date_sk, ss_store_sk) VALUES (10.0, 7.0, 4, 2);
INSERT INTO store_sales (ss_list_price, ss_sales_price, ss_sold_date_sk, ss_store_sk) VALUES (10.0, 7.0, 5, 2);
INSERT INTO store_sales (ss_list_price, ss_sales_price, ss_sold_date_sk, ss_store_sk) VALUES (10.0, 7.0, 6, 2);
INSERT INTO store_sales (ss_list_price, ss_sales_price, ss_sold_date_sk, ss_store_sk) VALUES (10.0, 7.0, 7, 2);
INSERT INTO store_sales (ss_list_price, ss_sales_price, ss_sold_date_sk, ss_store_sk) VALUES (10.0, 7.0, 8, 2);
INSERT INTO store_sales (ss_list_price, ss_sales_price, ss_sold_date_sk, ss_store_sk) VALUES (10.0, 7.0, 9, 2);
INSERT INTO store_sales (ss_list_price, ss_sales_price, ss_sold_date_sk, ss_store_sk) VALUES (10.0, 7.0, 10, 2);
INSERT INTO store_sales (ss_list_price, ss_sales_price, ss_sold_date_sk, ss_store_sk) VALUES (10.0, 7.0, 11, 2);
INSERT INTO store_sales (ss_list_price, ss_sales_price, ss_sold_date_sk, ss_store_sk) VALUES (10.0, 7.0, 12, 2);
INSERT INTO store_sales (ss_list_price, ss_sales_price, ss_sold_date_sk, ss_store_sk) VALUES (10.0, 7.0, 13, 2);
INSERT INTO store_sales (ss_list_price, ss_sales_price, ss_sold_date_sk, ss_store_sk) VALUES (10.0, 7.0, 14, 2);