INSERT INTO date_dim (d_date_sk, d_day_name, d_month_seq, d_week_seq, d_week_seq1) VALUES (1000, 'Sunday', 1183, 100, NULL);
INSERT INTO date_dim (d_date_sk, d_day_name, d_month_seq, d_week_seq, d_week_seq1) VALUES (1001, 'Monday', 1183, 100, NULL);
INSERT INTO date_dim (d_date_sk, d_day_name, d_month_seq, d_week_seq, d_week_seq1) VALUES (1002, 'Tuesday', 1183, 100, NULL);
INSERT INTO date_dim (d_date_sk, d_day_name, d_month_seq, d_week_seq, d_week_seq1) VALUES (1003, 'Wednesday', 1183, 100, NULL);
INSERT INTO date_dim (d_date_sk, d_day_name, d_month_seq, d_week_seq, d_week_seq1) VALUES (1004, 'Thursday', 1183, 100, NULL);
INSERT INTO date_dim (d_date_sk, d_day_name, d_month_seq, d_week_seq, d_week_seq1) VALUES (1005, 'Friday', 1183, 100, NULL);
INSERT INTO date_dim (d_date_sk, d_day_name, d_month_seq, d_week_seq, d_week_seq1) VALUES (1006, 'Saturday', 1183, 100, NULL);
INSERT INTO date_dim (d_date_sk, d_day_name, d_month_seq, d_week_seq, d_week_seq1) VALUES (1007, 'Sunday', 1195, 152, NULL);
INSERT INTO date_dim (d_date_sk, d_day_name, d_month_seq, d_week_seq, d_week_seq1) VALUES (1008, 'Monday', 1195, 152, NULL);
INSERT INTO date_dim (d_date_sk, d_day_name, d_month_seq, d_week_seq, d_week_seq1) VALUES (1009, 'Tuesday', 1195, 152, NULL);
INSERT INTO date_dim (d_date_sk, d_day_name, d_month_seq, d_week_seq, d_week_seq1) VALUES (1010, 'Wednesday', 1195, 152, NULL);
INSERT INTO date_dim (d_date_sk, d_day_name, d_month_seq, d_week_seq, d_week_seq1) VALUES (1011, 'Thursday', 1195, 152, NULL);
INSERT INTO date_dim (d_date_sk, d_day_name, d_month_seq, d_week_seq, d_week_seq1) VALUES (1012, 'Friday', 1195, 152, NULL);
INSERT INTO date_dim (d_date_sk, d_day_name, d_month_seq, d_week_seq, d_week_seq1) VALUES (1013, 'Saturday', 1195, 152, NULL);
INSERT INTO store (s_state, s_store_id1, s_store_id2, s_store_name1, s_store_sk) VALUES ('AR', 'Store1', 'Store1', 'Store1', 1000);
INSERT INTO store (s_state, s_store_id1, s_store_id2, s_store_name1, s_store_sk) VALUES ('AR', 'Store2', 'Store2', 'Store2', 1001);
INSERT INTO store_sales (ss_list_price, ss_sales_price, ss_sold_date_sk, ss_store_sk) VALUES (10.0, 7.0, 1000, 1000);
INSERT INTO store_sales (ss_list_price, ss_sales_price, ss_sold_date_sk, ss_store_sk) VALUES (10.0, 7.0, 1001, 1000);
INSERT INTO store_sales (ss_list_price, ss_sales_price, ss_sold_date_sk, ss_store_sk) VALUES (10.0, 7.0, 1002, 1000);
INSERT INTO store_sales (ss_list_price, ss_sales_price, ss_sold_date_sk, ss_store_sk) VALUES (10.0, 7.0, 1003, 1000);
INSERT INTO store_sales (ss_list_price, ss_sales_price, ss_sold_date_sk, ss_store_sk) VALUES (10.0, 7.0, 1004, 1000);
INSERT INTO store_sales (ss_list_price, ss_sales_price, ss_sold_date_sk, ss_store_sk) VALUES (10.0, 7.0, 1005, 1000);
INSERT INTO store_sales (ss_list_price, ss_sales_price, ss_sold_date_sk, ss_store_sk) VALUES (10.0, 7.0, 1006, 1000);
INSERT INTO store_sales (ss_list_price, ss_sales_price, ss_sold_date_sk, ss_store_sk) VALUES (10.0, 7.0, 1007, 1000);
INSERT INTO store_sales (ss_list_price, ss_sales_price, ss_sold_date_sk, ss_store_sk) VALUES (10.0, 7.0, 1008, 1000);
INSERT INTO store_sales (ss_list_price, ss_sales_price, ss_sold_date_sk, ss_store_sk) VALUES (10.0, 7.0, 1009, 1000);
INSERT INTO store_sales (ss_list_price, ss_sales_price, ss_sold_date_sk, ss_store_sk) VALUES (10.0, 7.0, 1010, 1000);
INSERT INTO store_sales (ss_list_price, ss_sales_price, ss_sold_date_sk, ss_store_sk) VALUES (10.0, 7.0, 1011, 1000);
INSERT INTO store_sales (ss_list_price, ss_sales_price, ss_sold_date_sk, ss_store_sk) VALUES (10.0, 7.0, 1012, 1000);
INSERT INTO store_sales (ss_list_price, ss_sales_price, ss_sold_date_sk, ss_store_sk) VALUES (10.0, 7.0, 1013, 1000);
INSERT INTO store_sales (ss_list_price, ss_sales_price, ss_sold_date_sk, ss_store_sk) VALUES (10.0, 7.0, 1000, 1001);
INSERT INTO store_sales (ss_list_price, ss_sales_price, ss_sold_date_sk, ss_store_sk) VALUES (10.0, 7.0, 1001, 1001);
INSERT INTO store_sales (ss_list_price, ss_sales_price, ss_sold_date_sk, ss_store_sk) VALUES (10.0, 7.0, 1002, 1001);
INSERT INTO store_sales (ss_list_price, ss_sales_price, ss_sold_date_sk, ss_store_sk) VALUES (10.0, 7.0, 1003, 1001);
INSERT INTO store_sales (ss_list_price, ss_sales_price, ss_sold_date_sk, ss_store_sk) VALUES (10.0, 7.0, 1004, 1001);
INSERT INTO store_sales (ss_list_price, ss_sales_price, ss_sold_date_sk, ss_store_sk) VALUES (10.0, 7.0, 1005, 1001);
INSERT INTO store_sales (ss_list_price, ss_sales_price, ss_sold_date_sk, ss_store_sk) VALUES (10.0, 7.0, 1006, 1001);
INSERT INTO store_sales (ss_list_price, ss_sales_price, ss_sold_date_sk, ss_store_sk) VALUES (10.0, 7.0, 1007, 1001);
INSERT INTO store_sales (ss_list_price, ss_sales_price, ss_sold_date_sk, ss_store_sk) VALUES (10.0, 7.0, 1008, 1001);
INSERT INTO store_sales (ss_list_price, ss_sales_price, ss_sold_date_sk, ss_store_sk) VALUES (10.0, 7.0, 1009, 1001);
INSERT INTO store_sales (ss_list_price, ss_sales_price, ss_sold_date_sk, ss_store_sk) VALUES (10.0, 7.0, 1010, 1001);
INSERT INTO store_sales (ss_list_price, ss_sales_price, ss_sold_date_sk, ss_store_sk) VALUES (10.0, 7.0, 1011, 1001);
INSERT INTO store_sales (ss_list_price, ss_sales_price, ss_sold_date_sk, ss_store_sk) VALUES (10.0, 7.0, 1012, 1001);
INSERT INTO store_sales (ss_list_price, ss_sales_price, ss_sold_date_sk, ss_store_sk) VALUES (10.0, 7.0, 1013, 1001);